ステータス,社員No,氏名,所属No,所属名,出勤日数,欠勤日数,有休日数,特休日数(有給),特休日数(無給),代休日数,出勤時間,遅刻早退時間,普通残業時間,深夜残業時間,所定内残業時間,法外休日出勤時間,法外休日深夜時間,法定休日時間,法定休日深夜時間,45h超過残業,60h超過残業,深夜所定時間25%,法定割増時間35%,宿日直回数
,22100250,山中　郁弥,60020501,安濃_ﾌﾟﾚｽ2担当G2_T5_S1,22,0,0,0,0,0,0,0,34.8,1.67,0,5.08,0,0,4.17,0,0,61,0,0
,21800210,濵田　悠,60020501,安濃_ﾌﾟﾚｽ2担当G2_T5_S1,22,0,0,0,0,0,0,0,55.58,0,0,6.17,0,0,0,7.22,0,72.83,0,0
,21700030,高垣　竜弥,60020501,安濃_ﾌﾟﾚｽ2担当G2_T5_S1,22,0,0,0,0,0,0,0,25.02,22.07,0,0,0,0,0,0,0,38.33,0,0
,22100290,井田　海俊,60020601,安濃_ﾌﾟﾚｽ3担当G2_T6_S1,22,0,0,0,0,0,0,0,40.18,0,0,6.35,0,0,2.28,7.62,0,68.33,0,0
,22100260,小倉　碧波,60020601,安濃_ﾌﾟﾚｽ3担当G2_T6_S1,22,0,0,0,0,0,0,0,62.28,0,0,0,0,2.35,4.17,0,0,62,0,0
,21700780,堀　篤史,60020601,安濃_ﾌﾟﾚｽ3担当G2_T6_S1,22,0,2.5,0,0,0,0,0,73.12,0.2,0,0,0,2.52,4.67,20.97,7.35,61.33,0,0
,21600130,赤田　浩輔,60020601,安濃_ﾌﾟﾚｽ3担当G2_T6_S1,22,0,0,0,0,0,0,0,57.38,11.43,0,0,0,0,4.18,13.75,0,59.83,0,0
,18935680,松田　泰征,60020701,安濃_ﾌﾟﾚｽ4担当G2_T7_S1,22,0,0,0,0,0,0,0,45.13,0,0,4,3.67,7.23,16.67,15,5.28,134.83,0,0
,17900630,岸上　利明,60020701,安濃_ﾌﾟﾚｽ4担当G2_T7_S1,22,0,0,0,0,0,0,0,0,0,0,0,0,0,0,0,0,0,0,0
,17833480,石川　進,60020701,安濃_ﾌﾟﾚｽ4担当G2_T7_S1,22,0,1,0,0,0,0,0,37.77,0,0,0,0,0,0,0,0,0,0,0
,17733190,中村　素久,60020701,安濃_ﾌﾟﾚｽ4担当G2_T7_S1,22,0,0,0,0,0,0,0,0,0,0,0,0,0,0,0,0,0,0,0
,21800410,宮田　吉基,60020800,安濃_保全G2_T8,22,0,0,0,0,0,0,0,41.32,0,0,0,0,0,0,0,0,0,0,0
,19136250,東海　明,60020800,安濃_保全G2_T8,22,0,2,0,0,0,0,0,0,0,0,0,0,0,0,0,3.4,0,0,0
,21400210,井原　尚志,60020801,安濃_保全担当G2_T8_S1,22,0,0,0,0,0,0,0,16.67,22.33,0,0,0,0,0,0,0,0,0,0
,20637990,山本　潤一,60020801,安濃_保全担当G2_T8_S1,22,0,0,0,0,0,0,0,29.28,1.98,0,0,0,0,0,0,0,0,0,0
,18935520,出馬　茂文,60020801,安濃_保全担当G2_T8_S1,22,0,1,0,0,0,0,0,73.62,0,0,0,0,0,0,9.35,19.27,0,0,0
,20637910,小掠　智寛,60020900,安濃_SPS推進室G2_T9,22,0,3,2,0,0,0,0,42.58,0,0,0,0,0,0,0,0,0,0,0
,20900290,杉山　智紀,60020901,安濃_SPS推進室担当G2_T9_S1,22,0,3,0,0,0,0,0,29.95,0,0,0,0,0,0,0,0,0,0,0
,22200900,オースティン/ﾚｲｴｽ ｼﾞｰﾝ ｵｰｽﾃｨﾝ ｲﾙﾒﾄﾞ,60030501,安濃_樹脂塗装1担当G3_T5_S1,24,0,0,0,0,0,0,0,61.48,0.83,0,0,0,0,3,15,2.42,133.17,0,0
,22200880,アイバン/ﾍﾙﾅﾝﾃﾞｽﾞ ｸﾗｲﾄﾞ ﾊﾞﾝ ﾏｸﾞﾅｲｪｰ,60030501,安濃_樹脂塗装1担当G3_T5_S1,22,0,0,0,0,0,0,0,77.1,0,0,0,0,0,3.7,16.32,15.78,2,0,0
,22200860,アンドロ/ﾊﾞﾀｱﾝ ｱﾚﾊﾝﾄﾞﾛ ｾｶﾝﾄﾞ ﾊﾞｳﾃｨｽﾀ,60030501,安濃_樹脂塗装1担当G3_T5_S1,22,0,0,0,0,0,0,0,57.52,1.97,0,0,0,0,1.83,10.23,0,2,0,0
,22200850,ノノイ/ｱﾚﾊﾄﾞ ｼﾞｭﾝﾏｰｸ ﾀﾊﾞﾝｶﾞﾝ,60030501,安濃_樹脂塗装1担当G3_T5_S1,24,0,1,0,0,0,0,5.75,53.28,3.5,0,0,0,0,3.7,13.68,8.57,119.25,0,0
,22200590,テミオ/ｸｴﾊﾞｽ  ｱﾙﾃﾐｵ Ⅲ  ｴｽｹﾞﾗ,60030501,安濃_樹脂塗装1担当G3_T5_S1,24,0,0,0,0,0,0,0,59.43,0.83,0,0,0,0,3.7,11.52,6.6,133.17,0,0
,22200580,ジェス/ｶﾊﾞﾝｺﾞﾝ  ｼﾞｪｼｰ  ﾌｫﾙﾀﾞﾝ,60030501,安濃_樹脂塗装1担当G3_T5_S1,22,0,0,0,0,0,0,0,60.65,2.08,0,0,0,0,3.7,15,0.5,32.17,0,0
,22200320,光井　謙太朗,60030501,安濃_樹脂塗装1担当G3_T5_S1,22,0,0,0,0,0,0,0,29.77,0,0,0,0,0,0,0,0,0,0,0
,21900390,池田　一也,60030501,安濃_樹脂塗装1担当G3_T5_S1,22,0,0,0,0,0,0,0,45.35,1.98,0,0,0,0,0,0,0,58.17,0,0
,21800440,中川　潤一,60030501,安濃_樹脂塗装1担当G3_T5_S1,22,0,0.5,0,0,0,0,0,44,0,0.02,0,0,0,0,0,0,0,0,0
,21800542,ケニー/ﾏﾊﾞﾅｸﾞ ｹﾈｽ　ﾘｶﾌﾚﾝﾃ,60030601,安濃_樹脂塗装2担当G3_T6_S1,24,0,0,0,0,0,0,0,63.47,0.83,0,0,0,0,3,14.93,4.37,133.17,0,0
,21800532,ステフ/ｷﾞﾅﾝ ｽﾃﾌｱﾆｰ　ﾃｲﾉ,60030601,安濃_樹脂塗装2担当G3_T6_S1,24,0,0,0,0,0,0,0,59.53,1,0,0,0,0,3.02,8.92,0,133.17,0,0
,21800522,イアン/ﾃﾞｶﾞﾓﾝ ﾆｰﾙ 　ｲｱﾝ ﾙｲｽﾞ,60030601,安濃_樹脂塗装2担当G3_T6_S1,24,0,0,0,0,0,0,0,56.5,12.83,0,0,0,0,3.7,18.15,6.18,123,0,0
,20537860,三浦　知親,60030700,安濃_樹脂小組G3_T7,22,0,1.5,0,0,0,0,0,39.48,6.17,0.2,0,0,0,0,0,0,0,0,0
,20537810,松本　直樹,60030701,安濃_樹脂小組担当G3_T7_S1,22,0,2,0,0,0,0,0,55.78,1,0,0,0,0,0,5.13,0,0,0,0
,20137460,西村　奈保,60030701,安濃_樹脂小組担当G3_T7_S1,22,0,1,0,0,0,0,0,35.67,0,0,0,0,0,0,0,0,0,0,0
,17933920,中川　里美,60030701,安濃_樹脂小組担当G3_T7_S1,22,0,0,0,0,0,0,0,0,0,0,0,0,0,0,0,0,0,0,0
,18935560,内田　善弘,60010601,安濃_ｻｯｼｭ担当G1_T6_S1,22,0,0,0,0,0,0,0,40.85,0,0,0,0,0,0,0,0,0,0,0
,18504400,瀬古　隆,60000000,安濃工場,20,0,4,0,0,0,0,0,0,0,0,0,0,0,0,0,0,0,0,0
,19035845,上園　佳成,60000000,安濃工場,22,0,2.5,0,0,0,0,0,0,0,0,0,0,0,0,0,0,0,0,0
,18935600,検梗谷　哲,60000000,安濃工場,22,0,2,0,0,0,0,0,0,0,0,0,0,0,0,0,0,0,0,0
,18805360,安達　大作,60000000,安濃工場,22,0,0,0,0,0,0,0,0,0,0,0,0,0,0,0,0,0,0,0
,17704390,落合　広利,60000000,安濃工場,22,0,2,0,0,0,0,0,0,0,0,0,0,0,0,0,0,0,0,0
,80567227,ﾊﾟｰｿﾙｴｸｾﾙHR/小林　真美,12010102,安濃_第二営業部_ﾊﾟｰｿﾙｴｸｾﾙHR,22,0,0,0,0,0,0,4.17,0.03,0,0,0,0,0,0,0,0,0,0,0
,18805460,水田　元,10030000,安濃_経営企画部ERPG47,22,0,0,0,0,0,0,0,0,0,0,0,0,0,0,0,0,0,0,0
,20537795,下垣　卓也,11020000,安濃_第一営業部G41,22,0,4,0,0,0,0,0,0,0,0,0,0,0,0,0,0,0,0,0
,19636790,藤丸　明土,11020000,安濃_第一営業部G41,22,0,1,0,0,0,0,0,0,0,0,0,0,0,0,0,0,0,0,0
承認済み,20720810,土田　雄一朗,11020100,安濃_第一営業部G41_T1,22,6,16,0,0,0,0,0,0,0,0,0,0,0,0,0,0,0,0,0
,20637950,西畑　翔伍,11020100,安濃_第一営業部G41_T1,22,0,0,4,0,0,0,0,20.83,0,0,0,0,0,0,0,0,0,0,0
,18535350,藤井　士,11020100,安濃_第一営業部G41_T1,22,0,0,0,0,0,0,0,0,0,0,0,0,0,0,0,0,0,0,0
,20037330,中村　圭介,12010000,安濃_第二営業部G42,22,0,0,5,0,0,0,0,0,0,0,0,0,0,0,0,0,0,0,0
,21600690,杉原　明日香,11020101,安濃_第一営業部担当G41_T1_S1,22,0,0.5,0,0,0,0,0,0,0,0.63,0,0,0,0,0,0,0,0,0
,21600090,林　隆太,11020101,安濃_第一営業部担当G41_T1_S1,22,0,1.5,0,0,0,0,0,16.92,0,0.57,0,0,0,0,0,0,0,0,0
,19636810,岩本　好弘,60010300,安濃_OEMG1_T3,22,0,3,0,0,0,0,0,48.6,0,0,0,0,0,0,0,0,0,0,0
,22200790,ネル/ﾊﾞﾝｽﾞｴﾛ ﾄﾞﾈﾙ ﾚｲｴｽ,60010301,安濃_OEM担当G1_T3_S1,22,0,0,0,0,0,0,0,44.93,0,0,0,0,0,0,0,0,0,0,0
,22200780,ハンズ/ｱｸｲﾝ ｼﾞｮﾊﾅﾝ ﾒﾙｶﾄﾞ,60010301,安濃_OEM担当G1_T3_S1,22,0,1,0,0,0,0,0,53.57,2,0,0,0,0,0,5.97,19.78,0,0,0
,22200510,ロイド/ｱﾚﾅｽ  ﾛｲﾄﾞ ﾌﾗﾝｼｽ  ｵｯﾁｬﾗﾝ,60010301,安濃_OEM担当G1_T3_S1,22,0,2,0,0,0,0,0,39.48,0,0,0,0,0,0,0,0,0,0,0
,22200500,ジェイアール/ｱﾘｸﾞｻｵ  ﾀﾞﾝﾃ ｼﾞｭﾆｱ  ﾒﾝﾄﾞｻﾞ,60010301,安濃_OEM担当G1_T3_S1,22,0,2,0,0,0,0,0,58.33,0,0,0,0,0,0,15,12.47,0,0,0
,22200490,デニス/ｱﾊﾞｯｸｻ  ﾃﾞﾆｽ  ﾊﾟﾉﾋﾟｵ,60010301,安濃_OEM担当G1_T3_S1,22,0,1,0,0,0,0,0,38.85,0,0,0,0,0,0,0,0,0,0,0
,21900602,ビク/ﾊﾟﾉﾋﾟｵ ﾋﾞﾂｸ　ｱﾝｼﾞｴﾛ ｱｽﾞｾﾅ,60010301,安濃_OEM担当G1_T3_S1,22,0,0,0,0,0,0,0,27.43,0,0,0,0,0,0,0,0,0,0,0
,21900582,マービン/ｶﾞﾙｼｱ ﾏｰｸ　ｳﾞｲﾝｾﾝﾄ ﾗｱｶﾞｽ,60010301,安濃_OEM担当G1_T3_S1,22,0,0,0,0,0,0,0,53.68,1.5,0,0,0,0,0,3.57,18.38,0,0,0
,18935660,西井　康博,60010301,安濃_OEM担当G1_T3_S1,22,0,0,0,0,0,0,0,5.17,0,0,0,0,0,0,0,0,0,0,0
,18920090,内田　秀則,60010301,安濃_OEM担当G1_T3_S1,22,0,3,0,0,0,0,0,60.55,0,0,0,0,0,0,15,8.18,0,0,0
,17833535,渥美　政光,60010301,安濃_OEM担当G1_T3_S1,22,0,0,0,0,0,0,0,0,0,0,0,0,0,0,0,0,0,0,0
,17733930,三谷　広美,60010301,安濃_OEM担当G1_T3_S1,22,0,0,0,0,0,0,0,0,0,0,0,0,0,0,0,0,0,0,0
,21600290,川北　翔太,60010400,安濃_4輪排気G1_T4,22,0,0,0,0,0,0,0,53.27,0,0,0,0,4.92,0,13.47,17.97,72,0,0
,18334525,馬場　睦夫,60010400,安濃_4輪排気G1_T4,22,0,0,0,0,0,0,0,4.83,0,0,0,0,0,0,0,0,0,0,0
,22200550,エル/ﾗﾝﾊﾟ  ｼﾞｮｴﾙ  ｾﾍﾞﾘﾉ,60010401,安濃_4輪排気担当G1_T4_S1,22,0,1,0,0,0,0,0,33,0,0,0,0,0,0,0,0,126,0,0
,22200540,アリエル/ｴｽﾒﾚｽ  ｱﾘｴﾙ  ｺﾏﾎﾟﾝ,60010401,安濃_4輪排気担当G1_T4_S1,22,0.5,0.5,0,0,0,0,0.03,32.9,0,0,0,0,0,0,0,0,126,0,0
,22200280,飯塚　健太,60010401,安濃_4輪排気担当G1_T4_S1,22,0,0.5,0,0,0,0,0,29.83,0,0,0,0,0,0,0,0,0,0,0
,21800230,山本　大智,60010401,安濃_4輪排気担当G1_T4_S1,22,0,0,0,0,0,0,0,38.68,0,0,0,0,0,0,0,0,0,0,0
,22100230,ﾚ ﾃﾞｨﾝ　ﾎﾞﾝ,60010401,安濃_4輪排気担当G1_T4_S1,22,0,0,0,0,0,0,0,59.32,0.45,0,0,0,0,0,15,13.03,42,0,0
,22000300,森田　悠介,60010401,安濃_4輪排気担当G1_T4_S1,22,0,0,0,0,0,0,0,43.67,0,0,0,0,0,0,0,0,60,0,0
,22000280,ﾄｩﾝ　ﾁﾝﾌｭ,60010401,安濃_4輪排気担当G1_T4_S1,22,0,1,0,0,0,0,0,51.5,1.2,0,0,0,0,0,9.2,15.23,66,0,0
,21900730,中井　智仁,60010401,安濃_4輪排気担当G1_T4_S1,22,0,1,0,0,0,0,0,5.7,0,0,0,0,0,0,0,0,0,0,0
,21900260,松葉　俊弥,60010401,安濃_4輪排気担当G1_T4_S1,22,0,0.5,0,0,0,0,0,10.45,0,0,0,0,0,0,0,0,30,0,0
,21900250,二葉　優希,60010401,安濃_4輪排気担当G1_T4_S1,22,0,0,0,0,0,0,0,12.93,0,0,0,0,0,0,0,0,0,0,0
,20838260,倉田　一成,60010401,安濃_4輪排気担当G1_T4_S1,22,0,0,0,0,0,0,1.25,42.7,0,0,0,0,0,0,0,0,60,0,0
,19636770,濱地　正幸,60010401,安濃_4輪排気担当G1_T4_S1,22,0,0,0,0,0,0,0,26,0,0,0,0,0,0,0,0,0,0,0
,19236410,後藤　桃代,60010401,安濃_4輪排気担当G1_T4_S1,22,0,1,0,0,0,0,0,0,0,2.77,0,0,0,0,0,0,0,0,0
,18935500,高木　長,60010401,安濃_4輪排気担当G1_T4_S1,22,3,0,0,0,0,0,10.12,0,0,0,0,0,0,0,0,0,0,0,0
,18335340,落合　紀一,60010401,安濃_4輪排気担当G1_T4_S1,22,0,0.5,0,0,0,0,0,13.33,0,0,0,0,0,0,0,0,0,0,0
,17733750,野末　功,60010401,安濃_4輪排気担当G1_T4_S1,22,0,2,0,0,0,0,0,0,0,0,0,0,0,0,0,0,0,0,0
,19236260,矢下　勝人,60010401,安濃_4輪排気担当G1_T4_S1,22,0,2,0,0,0,0,0,0,0,0,0,0,0,0,0,0,0,0,0
,20738100,藤川　陣也,60010500,安濃_EGRG1_T5,22,0,0,0,0,0,0,0,45.72,0,0,0,0,0,0,0,0,0,0,0
,22200820,エフス/ﾏﾙｹｽﾞ ｴﾌﾚﾝ ｼﾞｭﾆｱ ﾄﾞｩﾗﾝ,60010501,安濃_EGR担当G1_T5_S1,22,0,0,0,0,0,0,0,38.83,0.03,0,8,0,0,0,12.88,1.85,0,0,0
,22200560,クロト/ﾒﾝﾄﾞｻﾞ  ｼﾞｪﾌﾘｰ  ﾈﾊﾞﾚｽﾞ,60010501,安濃_EGR担当G1_T5_S1,22,0,0,0,0,0,0,0,32.33,0.03,0,8,0,0,0,2.22,0,0,0,0
,22100270,堀　真紗斗,60010501,安濃_EGR担当G1_T5_S1,22,0,3,0,0,0,0,0,37.05,3.17,0,0,0,0,0,0,0,0,0,0
,21600300,田中　一成,60010501,安濃_EGR担当G1_T5_S1,22,0,0.5,0,0,0,0,0,39.72,3.42,0.07,10.72,0,4.92,0,0,0,65,0,0
,21600170,伊藤　有輝,60010501,安濃_EGR担当G1_T5_S1,22,0,0,0,0,0,0,0,34.98,0,0,4.17,0,0,0,0,0,60,0,0
,20900260,藤岡　豊明,60010501,安濃_EGR担当G1_T5_S1,22,0,0,0,0,0,0,0,38.93,1.13,0,10.3,0,0,2.97,0,0,74.17,0,0
,18935975,佐々木　忠樹,60010501,安濃_EGR担当G1_T5_S1,22,0,0,0,0,0,0,0,0,0,0,8,0,0,0,0,0,0,0,0
,19736955,木曽原　隆,60010000,安濃_生産1課G1,22,0,0,0,0,0,0,0,0,0,0,0,0,0,0,0,0,0,0,0
,22200810,カブス/ｶﾞﾛﾍﾟ ｶｰﾋﾞｰ ｻﾞﾊﾞﾗ,60010101,安濃_2輪排気担当G1_T1_S1,22,0,3,0,0,0,0,0,51.22,2,0,4.22,0,0,0,12.07,17.02,0,0,0
,22200800,ジョン/ﾌﾞﾛｹｻﾞ ｼﾞｮﾝ ﾘﾀﾞﾑ ｹﾞﾙﾅﾘﾝ,60010101,安濃_2輪排気担当G1_T1_S1,22,0,1,0,0,0,0,0,53.78,0.5,0,0,0,0,0,13.67,15.72,0,0,0
,22200530,レンス/ｶｽﾀﾆｴﾀﾞ  ﾛｰﾚﾝｽ ｸﾛｲﾄﾞ  ｵﾘﾘｬ,60010101,安濃_2輪排気担当G1_T1_S1,22,0,2,0,0,0,0,0,33.27,0,0,0,0,0,0,15,0,0,0,0
,22200520,カール/ｶﾌﾞﾘﾄﾞ ﾎｱﾝ ｶｰﾛｽ ｱﾜ,60010101,安濃_2輪排気担当G1_T1_S1,22,0,1,0,0,0,0,0,46.27,0.82,0,4.2,0,0,0,15,10.38,0,0,0
,21900592,ジョセフ/ｻﾗｻﾞﾙ ｼﾞﾖﾝ　ｼﾞﾖｾﾌ ﾏﾗｼﾊﾞｽ,60010101,安濃_2輪排気担当G1_T1_S1,22,0,0,0,0,0,0,0,44.48,0.83,0,4.2,0,0,0,8.18,19.92,0,0,0
,20838220,松岡　公樹,60010101,安濃_2輪排気担当G1_T1_S1,22,0,1.5,0,0,0,0,0,44.97,0.5,0.9,0,0,0,0,7.87,17.3,0,0,0
,20137450,柴田　良樹,60010101,安濃_2輪排気担当G1_T1_S1,22,0,2,0,0,0,0,0,27.08,0,0,0,0,0,0,0,0,0,0,0
,19136110,黒瀬　一,60010101,安濃_2輪排気担当G1_T1_S1,22,0,2,0,0,0,0,0,18.27,0,0,0,0,0,0,0,0,0,0,0
,18120840,志磨　恵一郎,60010101,安濃_2輪排気担当G1_T1_S1,22,0,3.5,0,0,0,0,0,0,0,0,0,0,0,0,0,0,0,0,0
,18034080,片山　健一,60010101,安濃_2輪排気担当G1_T1_S1,24,0,2,0,0,0,0,0,0,0,0,0,0,0,0,0,0,0,0,0
,17733210,乙部　宏,60010101,安濃_2輪排気担当G1_T1_S1,24,1,0,0,0,0,0,0,5,0,0,0,0,0,0,0,0,0,0,0
,20437720,平賀　仁英,60010200,安濃_2輪組立G1_T2,22,0,0,0,0,0,0,0.92,61.58,0.28,0,0,0,0,0,12.27,18.52,0,0,0
,22100340,高橋　重範,60010200,安濃_2輪組立G1_T2,22,0,1,0,0,0,0,0,0,0,0,0,0,0,0,0,2.05,0,0,0
,18635000,横井　法広,60010200,安濃_2輪組立G1_T2,22,0,3,0,0,0,0,0.03,58.38,2.8,0,0,0,0,0,13.62,15.02,0,0,0
,18935675,川治　克明,60010200,安濃_2輪組立G1_T2,22,0,18,0,0,0,0,0,17.2,0.92,0,0,0,0,0,0,0,0,0,0
,21300280,伊藤　賢良,60010201,安濃_2輪組立担当G1_T2_S1,22,0,1.5,0,0,0,0,0,44.12,2.53,0.13,0,0,0,0,0,0,0,0,0
,21100010,竹内　博文,60010201,安濃_2輪組立担当G1_T2_S1,22,0,1,0,0,1,0,0,32.42,0,0,8,0,0,0,0,0,0,0,0
,20738170,竜田　圭陽,60010201,安濃_2輪組立担当G1_T2_S1,22,6,2,0,0,0,0,5,0,0,0,0,0,0,0,0,0,0,0,0
,20437730,飯田　由華,60010201,安濃_2輪組立担当G1_T2_S1,24,0,1,0,0,0,0,0.27,0.52,0,2.98,0,0,0,0,0,0,0,0,0
,18935740,田中　昌子,60010201,安濃_2輪組立担当G1_T2_S1,22,0,0,0,0,0,0,0,25.83,0,0,0,0,0,0,0,0,0,0,0
,18917830,黒崎　博之,60010201,安濃_2輪組立担当G1_T2_S1,24,0,2,0,0,0,0,2.63,37.27,0,0,0,0,0,0,15,1.5,0,0,0
,18635110,行方　はるみ,60010201,安濃_2輪組立担当G1_T2_S1,22,0,1,0,0,1,0,0,26.37,0,0,8,0,0,0,0,0,0,0,0
,18204580,伊藤　一源,60010201,安濃_2輪組立担当G1_T2_S1,22,0,0,0,0,0,0,0,0,0,0,0,0,0,0,0,0,0,0,0
,19636760,仲　正樹,60020000,安濃_生産2課G2,22,0,2,0,0,0,0,0,0,0,0,0,0,0,0,0,0,0,0,0
,21200140,井上　淳央,60020100,安濃_4輪溶接G2_T1,22,0,1,0,0,0,0,0,60.17,1.78,0,7,1,0,0,15,4.23,0,0,0
,20010040,山中　義政,60020100,安濃_4輪溶接G2_T1,22,0,1,0,0,0,0,0,54.58,1.08,0,0,0,0,0,11.65,0,0,0,0
,22200840,オニー/ﾍﾞﾗｽｺ  ﾚﾆｴﾙ ｻﾞﾙｿﾞｿ,60020101,安濃_4輪溶接1担当G2_T1_S1,22,0,1,0,0,0,0,3.67,45.68,0,0,0,0,0,0,2.75,0,0,0,0
,22200830,デックス/ﾃｨｵﾝｺ ｲﾝﾃﾞｯｸｽ ｻﾝﾄｽ,60020101,安濃_4輪溶接1担当G2_T1_S1,22,0,1,0,0,0,0,0,43.82,0,0,8,0,0.83,4.17,0,0,73.83,0,0
,22200570,ジェイ/ｵﾒｶﾞ  ｱﾙｼﾞｪｲ  ｱﾄﾞﾗﾜﾝ,60020101,安濃_4輪溶接1担当G2_T1_S1,22,0,3,0,0,0,0,0,43.32,0,0,0,0,0,0,0,0,60,0,0
,22100280,鎌田　侑,60020101,安濃_4輪溶接1担当G2_T1_S1,22,0,0,0,0,0,0,0,30.93,21.68,0,8.17,0,0,6.78,15,8.73,68,0,0
,22000290,中村　寛和,60020101,安濃_4輪溶接1担当G2_T1_S1,22,0,0,0,0,0,0,0,38.85,16.82,0,0,0,4.4,4.17,0,0,71,0,0
,21800010,久保　直也,60020101,安濃_4輪溶接1担当G2_T1_S1,22,0,0,0,0,0,0,0,67.3,0,0,18.58,0,0,0,19.2,21.68,0,0,0
,20738130,橋爪　利公,60020101,安濃_4輪溶接1担当G2_T1_S1,22,0,2,0,0,0,0,0,41.57,18.88,0,10.42,0,0,0,15,0.05,0,0,0
,20437740,石川　優子,60020101,安濃_4輪溶接1担当G2_T1_S1,22,0,0.5,0,0,0,0,0,0,0,9.2,0,0,0,0,0,0,0,0,0
,18936005,若林　宗弘,60020101,安濃_4輪溶接1担当G2_T1_S1,22,0,1,0,0,0,0,0,0,0,0.03,0,0,0,0,0,0,0,0,0
,18434740,川北　利典,60020101,安濃_4輪溶接1担当G2_T1_S1,22,0,0,0,0,0,0,0,45.72,0.55,0,0,0,0,0,1.87,19.05,0,0,0
,22200310,唐　陽,60020201,安濃_4輪溶接2担当G2_T2_S1,22,0,0,0,0,0,0,0,60.88,3.07,0,0,0,0,0,9.1,0,0,0,0
,19737090,眞柄　沙奈恵,60020201,安濃_4輪溶接2担当G2_T2_S1,22,0,2,0,0,0,0,0,0,0,0.12,0,0,0,0,0,0,0,0,0
,18935490,内田　俊介,60020201,安濃_4輪溶接2担当G2_T2_S1,22,0,0,0,0,0,0,0,15.92,1.97,0,0,0,0,0,0,0,0,0,0
,22200330,ﾚﾐﾝ　ﾄｩｴﾝ,60020301,安濃_4輪溶接3担当G2_T3_S1,22,0,0,0,0,0,0,0,69.73,8.52,0,0,0,2.82,4.17,14.3,18.95,67.67,0,0
,20537870,中川　尚人,60020301,安濃_4輪溶接3担当G2_T3_S1,22,0,1,0,0,0,0,0,73.45,0,0,2,1.83,3.15,8.33,16.7,11.57,134,0,0
,21600340,永合　克安,60020400,安濃_ﾌﾟﾚｽ1G2_T4,22,0,0,6,0,0,0,0,37.23,1.97,0,10.55,0,14.15,1,8.5,0,0,0,0
,20838300,小林　貫太,60020401,安濃_ﾌﾟﾚｽ1担当G2_T4_S1,22,0,0,0,0,0,0,0,18.7,17.33,0,0,0,0.03,8.5,0,0,111.17,0,0
,19236390,安田　和代,60020401,安濃_ﾌﾟﾚｽ1担当G2_T4_S1,22,0,0,0,0,0,0,0,2.93,0,0.08,0,0,0,0,0,0,0,0,0
,18935460,宮村　明宏,60020401,安濃_ﾌﾟﾚｽ1担当G2_T4_S1,22,0,3,0,0,0,0,0,9.38,0,0.08,0,0,0,0,0,0,0,0,0
,18835305,松尾　行弘,60020401,安濃_ﾌﾟﾚｽ1担当G2_T4_S1,22,0,1,0,0,0,0,0,36.93,0,0,0,0,8,0,0,0,0,0,0
,21900702,ジャン/ﾎﾟｺﾝ ｼﾞｬﾝ ｷﾞﾙﾊﾞｰﾄ ｻﾗｻﾞﾙ,60020401,安濃_ﾌﾟﾚｽ1担当G2_T4_S1,22,0,0,0,0,0,0,0,56.25,0,0,0,0,0.88,4.17,13.62,0,61.83,0,0
,21900692,シ－/ｼｰｴﾙﾏｰ ｼﾞｭﾆｱ ｱﾙﾏﾘｵ,60020401,安濃_ﾌﾟﾚｽ1担当G2_T4_S1,22,0,0,0,0,1,0,0,58.28,0,0,5.75,0,5.05,0,11.48,0,0,0,0
,21800020,澤田　幸則,60030000,安濃_生産3課G3,22,0,0,0,0,0,0,0,0,0,0,0,0,0,0,0,0.28,0,0,0
,19117950,渡辺　修一,60030000,安濃_生産3課G3,22,0,2,0,0,0,0,0,0,0,0,0,0,0,0,0,0,0,0,0
,21500450,清水　剛志,60030000,安濃_生産3課G3,22,0,2,0,0,0,0,0,0,0,0,0,0,0,0,0,0,0,0,0
,22000120,佐脇　通友,60030100,安濃_樹脂成形1G3_T1,22,0,0,0,0,0,0,0,45.98,0.32,0,2,0,0,0,0,0,0,0,0
,22200910,アルジェイ/ﾚｲｴｽ ｼﾞｪｽﾄﾆ ｺﾗﾚｽ,60030101,安濃_樹脂成形1担当G3_T1_S1,22,0,1,0,0,0,0,0,14.03,8,0,8,0,3.83,4.17,0,0,60.83,0,0
,22200890,ジェイピー/ﾅﾌﾟﾗﾝ ｼﾞｮﾝ ﾎﾟｰﾙ ｱﾃｨｴﾝｻﾞ,60030101,安濃_樹脂成形1担当G3_T1_S1,22,0,0,0,0,0,0,0,10.67,5.33,0,2.83,1.33,3.17,10.67,0,0,61.17,0,0
,22200870,ナード/ｴｽﾋﾟﾘﾄｩ ﾒｲﾅｰﾄﾞ ﾊﾞﾘｴ,60030101,安濃_樹脂成形1担当G3_T1_S1,22,0,1,0,0,0,0,0,9.68,9.42,0,14.03,2,0,1.83,0,0,78.67,0,0
,22200620,タノ/ﾚｱﾙ  ｸﾘｽﾁｬﾝ  ﾂﾝﾊﾞｶﾞ,60030101,安濃_樹脂成形1担当G3_T1_S1,22,0,1,0,0,0,0,0,7.18,8.2,0,4.17,2,10.8,7.83,0,0,77.17,0,0
,22200610,ジェイム/ﾘﾗｻﾞﾝ  ｼﾞｮﾝ ﾏｲｹﾙ  ﾏﾅﾗﾝｻﾝ,60030101,安濃_樹脂成形1担当G3_T1_S1,22,0,1,0,0,0,0,0,15.68,7.75,0,8,0,3.83,4.17,0,0,67.5,0,0
,22200600,クリス/ﾀﾞﾚｽ  ｸﾘｽﾋﾟﾝ ｼﾞｭﾆｱ  ﾊﾞﾛﾈｽ,60030101,安濃_樹脂成形1担当G3_T1_S1,22,0,0,0,0,0,0,0,6.97,9.62,0,0,0,2.9,6,0,0,68.17,0,0
,22200300,久保田　皓巳,60030101,安濃_樹脂成形1担当G3_T1_S1,22,0,1,0,0,0,0,0,19.72,0,0,8.7,0,2.83,4.17,0,0,41,0,0
,22200290,角谷　研一郎,60030101,安濃_樹脂成形1担当G3_T1_S1,22,0,0,0,0,0,0,0,9.03,0.83,0,0,0,3.83,4.17,0,0,60.83,0,0
,22200090,原　千明,60030101,安濃_樹脂成形1担当G3_T1_S1,22,0,0,0,0,0,0,0,22.5,5.13,0,4.17,2,2.83,4.2,0,0,52,0,0
,20838310,大田　有里,60030101,安濃_樹脂成形1担当G3_T1_S1,22,0,1,0,0,0,0,0,31.83,0,0,0,0,0,0,0,0,0,0,0
,20738110,野間　賢治,60030101,安濃_樹脂成形1担当G3_T1_S1,22,0,1,0,0,0,0,0,22.88,0.52,0,15.77,1,8.92,1.98,0,0,70.5,0,0
,19937310,小倉　順子,60030101,安濃_樹脂成形1担当G3_T1_S1,22,0,1,0,0,0,0,0,30.77,0,0,0,0,0,0,0,0,0,0,0
,21900652,ビンス/ｲﾛｸﾞﾉﾝ ﾚｲﾅｰﾄﾞ　ﾋﾞﾝｽ ｵｿﾘｵ,60030201,安濃_樹脂成形2担当G3_T2_S1,22,0,1,0,0,0,0,0,9.35,2.87,0,12.68,2,0.05,8.17,0,0,67.67,0,0
,21900632,ジェロム/ｺﾞﾝｻﾞﾚｽ　ｼﾞｴﾛﾑ ﾌﾛﾚｽ,60030201,安濃_樹脂成形2担当G3_T2_S1,22,0,0,0,0,0,0,0,10.83,4.03,0,2.83,1.33,1.03,9.83,0,0,61.17,0,0
,21900622,マート/ｶﾘﾝｶﾞｻﾝ ﾚｲﾏｰﾄ　ﾋﾞﾘﾔｻﾞﾙ,60030201,安濃_樹脂成形2担当G3_T2_S1,22,0,4,0,0,0,0,0,12.62,6,0,8,0,1.83,4.17,0,0,70.33,0,0
,21800552,カルロ/ﾌﾟﾁｴﾛ ｼﾞﾖﾝ　ｶﾙﾛ ｽｻ,60030201,安濃_樹脂成形2担当G3_T2_S1,22,0,0,0,0,0,0,0,6.67,8,0,14.03,2,0,4.17,0,0,50.17,0,0
,21800502,エド/ｺﾀﾗ ｼﾞﾖｴﾄﾞ　ｸﾗｳﾞｴﾛﾝ,60030201,安濃_樹脂成形2担当G3_T2_S1,22,0,0,0,0,0,0,0,14.93,5.33,0,14.03,2,6.53,4.17,0,0,50.17,0,0
,21900290,池田　修二,60030300,安濃_生産3課G3_T3,22,0,1,0,0,0,0,0,0,0,0,0,0,0,0,0,0,0,0,0
,19737550,長谷川　哲也,60030401,安濃_樹脂保全担当G3_T4_S1,22,0,1,0,0,0,0,0,29.88,0,0,0,0,0,0,0,0,0,0,0
,17733260,山川　正勝,60030401,安濃_樹脂保全担当G3_T4_S1,22,0,1.5,0,0,0,0,0,0,0,0.05,0,0,0,0,0,0,0,0,0
,21900032,土方　篤,60030401,安濃_樹脂保全担当G3_T4_S1,22,0,0,0,0,0,0,0,0,0,0,0,0,0,0,0,0,0,0,0
,21600570,岩田　浩一,60030401,安濃_樹脂保全担当G3_T4_S1,22,0,1,0,0,0,0,0,14.95,1.5,0,22.6,1.35,0,0,0,0,0,0,0
,20900270,小泉　裕章,60030500,安濃_樹脂塗装G3_T5,24,0,0,0,0,0,0,0,56.33,0.83,0,0,0,4.92,3.05,2.85,19.97,61.17,0,0
,19737060,井原　広宣,60040100,安濃_品質管理G4_T1,22,0,1,0,0,0,0,0,49.73,0.15,0,0,0,0,0,0,0,0,0,0
,20838250,濱口　幸英,60040101,安濃_品質管理担当G4_T1_S1,22,0,0,0,0,0,0,0,50.28,0,0,0,0,0,0,0,0,0,0,0
,20237480,西村　純,60040101,安濃_品質管理担当G4_T1_S1,22,0,2,0,0,0,0,0,32.73,0,0,0,0,0,0,0,0,0,0,0
,20037380,間宮　祥史,60040101,安濃_品質管理担当G4_T1_S1,22,0,1,0,0,0,0,0,37.98,6.83,0,0,0,0,0,0,0,0,0,0
,19136160,加納　阿沙子,60040101,安濃_品質管理担当G4_T1_S1,22,0,0,0,0,0,0,0,0,0,0,0,0,0,0,0,0,0,0,0
,19036015,寺嶋　博昭,60040101,安濃_品質管理担当G4_T1_S1,22,0,0,0,0,0,0,0,0,0,0,0,0,0,0,0,0,0,0,0
,17710980,野浪　照久,60040101,安濃_品質管理担当G4_T1_S1,22,0,0,0,0,0,0,0,0,0,0,0,0,0,0,0,0,0,0,0
,20337630,澤田　英嗣,60040200,安濃_ISO事務局G4_T2,22,0,0.5,0,0,0,0,0,0,0,0,0,0,0,0,0,0,0,0,0
,18204420,中野　雅俊,60040200,安濃_ISO事務局G4_T2,22,0,2,0,0,0,0,0,0,0,0,0,0,0,0,0,0,0,0,0
,17633150,小菅　朗弘,60040201,安濃_ISO事務局担当G4_T2_S1,22,0,0.5,0,0,0,0,0,0.22,0,0.02,0,0,0,0,0,0,0,0,0
,22100240,山﨑　奨大,60040201,安濃_ISO事務局担当G4_T2_S1,22,0,2,0,0,0,0,0,0,0,0,0,0,0,0,0,0,0,0,0
,21600620,小林　裕樹,60050000,安濃_生産技術課G5,22,0,2,0,0,0,0,0,0,0,0,0,0,0,0,0,0,0,0,0
,19218000,清水　弘士,60050000,安濃_生産技術課G5,22,0,2,0,0,0,0,0,0,0,0,0,0,0,0,0,2.1,0,0,0
,18634940,仲　正彦,60050000,安濃_生産技術課G5,22,0,0.5,0,0,0,0,0,0,0,0,0,0,0,0,0,0,0,0,0
,20037370,藤原　嘉人,60050100,安濃_樹脂新機種係G5_T1,22,0,3,0,0,0,0,0,0,0,0,0,0,0,0,0,2.3,0,0,0
,22000050,立石　健太郎,60050101,安濃_樹脂新機種担当G5_T1_S1,22,0,1.5,0,0,0,0,0,34.48,0,0,0,3.07,10.48,2.35,9.25,7.55,0,0,0
,21100060,宮島　佑弥,60050101,安濃_樹脂新機種担当G5_T1_S1,22,0,2,0,0,0,0,0,40.05,2.08,0,0,0,4.92,0,0,0,0,0,0
,20137400,佐野　隆弘,60050101,安濃_樹脂新機種担当G5_T1_S1,22,0,4,0,0,0,0,0,46.72,2.98,0,0,0,0,0,0,0,0,0,0
,20137410,茂手木　寛,60050200,安濃_新機種係G5_T2,22,0,1,0,0,0,0,0,70.55,0,0,0,0,0,0,15,5.45,0,0,0
,21800220,笠原　悠樹,60050201,安濃_排気新機種担当G5_T2_S1,22,0,3,0,0,0,0,0,0,0,0,0,0,0,0,0,0,0,0,0
,21400220,小林　大晃,60050201,安濃_排気新機種担当G5_T2_S1,22,0,11,0,0,0,0,0,45.42,10.25,0,0,0,9.5,0,15,10.53,0,0,0
,21100160,後藤　卓也,60050201,安濃_排気新機種担当G5_T2_S1,22,0,2,0,0,0,0,0,46.13,0,0,0,0,5.08,0,11.4,0,0,0,0
,19736910,丸山　真一,60050201,安濃_排気新機種担当G5_T2_S1,22,0,0,0,0,0,0,0,3.28,0,0,0,0,0,0,0,0,0,0,0
,19236340,加藤　三穂,60050201,安濃_排気新機種担当G5_T2_S1,22,0,4.5,0,0,0,0,0,3.87,0,0.1,0,0,0,0,0,0,0,0,0
,18134280,杉田　明,60050201,安濃_排気新機種担当G5_T2_S1,22,0,4,0,0,0,0,0,0,0,0,0,0,0,0,0,0,0,0,0
,21800700,寺本　仁視,60050201,安濃_排気新機種担当G5_T2_S1,22,0,0,0,0,0,0,0,48.22,3.65,0,0,0,0,0,11.23,0,0,0,0
,21800450,久保　季也,60050202,安濃_艤装新機種担当G5_T2_S2,22,0,1,0,0,0,0,0,45.12,2.78,0,10.05,0,5.08,0,15,11.07,0,0,0
,21700200,野口　颯泰,60050202,安濃_艤装新機種担当G5_T2_S2,22,0,0,0,0,0,0,0,32.18,0,0,9.28,0,0,0,0,0,0,0,0
,20900220,勝田　耕太郎,60050202,安濃_艤装新機種担当G5_T2_S2,22,0,2,0,0,0,0,0,52.55,4.25,0,0,0,0,0,15,6.17,0,0,0
,20437655,大室　裕,60050202,安濃_艤装新機種担当G5_T2_S2,22,0,0,0,0,1,0,0,41.78,0,0,8,0,0,0,15,2,0,0,0
,17910010,前田　浩司,60050202,安濃_艤装新機種担当G5_T2_S2,22,0,1,0,0,2,0,0,7.85,1.83,0,17.17,0,7.07,0,0,0,0,0,0
,22100220,太田　隆介,60050202,安濃_艤装新機種担当G5_T2_S2,22,0,0,0,0,0,0,0,63.18,3.37,0,0,0,0,0,13.93,0,0,0,0
,21800430,石川　幸世,60050202,安濃_艤装新機種担当G5_T2_S2,22,0,2,0,0,0,0,0,7.62,0,0,0,0,0,0,0,0,0,0,0
,20900510,福島　宏之,60050300,安濃_金型係G5_T3,22,0,1,0,0,0,0,0,56.55,0.42,0,0,0,0,0,15,8.18,0,0,0
,21700460,津國　翔平,60050301,安濃_内製/加工担当G5_T3_S1,22,0,2,0,0,0,0,0,55.78,0.03,0,0,0,4.92,0,12.75,9.33,0,0,0
,21600270,石熊　佑香,60050301,安濃_内製/加工担当G5_T3_S1,22,0,3,0,0,0,0,0,7.23,0,0.25,0,0,0,0,0,0,0,0,0
,21600140,齋藤　寛彰,60050301,安濃_内製/加工担当G5_T3_S1,22,0,2,0,0,0,0,0,54.38,0.03,0,0,0,4.92,0,9.13,0,0,0,0
,19736920,岩森　厳,60050301,安濃_内製/加工担当G5_T3_S1,22,0,2,0,0,0,0,0,0,0,0,0,0,0,0,0,0,0,0,0
,20637940,田中　応英,60050302,安濃_金型購買担当G5_T3_S2,22,0,0,0,0,0,0,0,36.2,0,0,0,0,0,0,0,0,0,0,0
,19736880,田畑　功,60050302,安濃_金型購買担当G5_T3_S2,22,0,0.5,0,0,0,0,0,0,0,0,0,0,0,0,0,0,0,0,0
,20437645,飯田　隼平,60060000,安濃_業務課G6,22,0,1.5,0,0,0,0,0,0,0,0,0,0,0,0,0,0,0,0,0
,19736900,谷　義彰,60060000,安濃_業務課G6,22,0,1.5,0,0,0,0,0,0,0,0,0,0,0,0,0,0,0,0,0
,21700450,金森　秀樹,60060101,安濃_ｼｽﾃﾑ担当G6_T1_S1,22,0,2,0,0,0,0,0,2.67,0,0,0,0,0,0,0,0,0,0,0
,19236400,藤丸　貴子,60060101,安濃_ｼｽﾃﾑ担当G6_T1_S1,22,0,0.5,0,0,0,0,0,0,0,1,0,0,0,0,0,0,0,0,0
,18334500,時田　英彰,60060200,安濃_総務G6_T2,22,0,1,0,0,0,0,0,29.07,0,0,0,0,0,0,0,0,0,0,0
,21200602,山岡　茂,60060201,安濃_総務担当G6_T2_S1,14,0,2.5,0,0,0,0,0,5.25,0,13.57,14,0,0,0,0,0,0,0,0
,20337620,岡本　麻美,60060201,安濃_総務担当G6_T2_S1,22,0,1.5,0,0,0,0,0,0,0,0.12,0,0,0,0,0,0,0,0,0
,19236480,近澤　由香子,60060201,安濃_総務担当G6_T2_S1,22,0,1,0,0,0,0,0,0,0,0.08,0,0,0,0,0,0,0,0,0
,17804460,米川　米宏,60060300,安濃_納入管理1G6_T3,22,0,0,0,0,0,0,0,0,0,0,0,0,0,0,0,0,0,0,0
,20838320,平賀　唯,60060301,安濃_納入管理1担当G6_T3_S1,22,0,2,0,0,0,0,0,5.08,0,0,0,0,0,0,0,0,0,0,0
,19536710,岡田　早苗,60060301,安濃_納入管理1担当G6_T3_S1,22,0,3,0,0,0,0,0,40.27,0,2.2,0,0,0,0,0,0,0,0,0
,19236460,加藤　百恵,60060301,安濃_納入管理1担当G6_T3_S1,22,0,3,0,0,0,0,0,29.6,0,0,0,0,0,0,0,0,0,0,0
,21000800,堀　浩,60060400,安濃_納入管理2G6_T4,22,0,2,0,0,0,0,0,37.35,0,1.17,0,0,0,0,0,0,0,0,0
,21900350,谷口　直哉,60060401,安濃_納入管理2担当G6_T4_S1,22,0,1,0,0,0,0,0,27.72,0,0.27,0,0,0,0,0,0,0,0,0
,21000430,大室　千加,60060401,安濃_納入管理2担当G6_T4_S1,22,0,0,0,0,0,0,0,0,0,3.73,0,0,0,0,0,0,0,0,0
,17833580,倉田　真司,60060401,安濃_納入管理2担当G6_T4_S1,22,0,2,0,0,0,0,0,0,0,0,0,0,0,0,0,0,0,0,0
,19301320,田口　尚人,60060500,安濃_購買G6_T5,22,0,0,0,0,0,0,0,0,0,0,0,0,0,0,0,0,0,0,0
,21700490,中村　建悟,60060500,安濃_購買G6_T5,22,0,1.5,0,0,0,0,0,31.97,0,0,0,0,0,0,3.83,0,0,0,0
,20900210,小峰　寛嗣,60060501,安濃_購買担当G6_T5_S1,22,0,6.5,0,0,0,0,0,18.35,0,0.42,0,0,0,0,0,0,0,0,0
,19837110,田中　智樹,60060501,安濃_購買担当G6_T5_S1,22,0,2,4,0,0,0,0,37.22,1.12,0,0,0,0,0,0,0,0,0,0
,18134300,田端　孝次,60060501,安濃_購買担当G6_T5_S1,22,0,4,0,0,0,0,0,0,0,0,0,0,0,0,0,0,0,0,0
,17911230,松本　秀和,60060501,安濃_購買担当G6_T5_S1,22,0,1,0,0,0,0,0,0,0,0,0,0,0,0,0,0,0,0,0
,17633430,米川　久博,60060501,安濃_購買担当G6_T5_S1,22,0,2,0,0,0,0,0,0,0,0,0,0,0,0,0,0,0,0,0
,19236300,田中　伸幸,60060600,安濃_ERPG6_T6,22,0,1,0,0,0,0,0,30.42,0,0,0,0,0,0,0,0,0,0,0
,21900430,水谷　真紀,60060601,安濃_ERP担当G6_T6_S1,22,0,0,0,0,0,0,1.47,9.67,0,0,0,0,0,0,0,0,0,0,0
,21900270,青山　愛乃,60060601,安濃_ERP担当G6_T6_S1,22,0,0,0,0,0,0,0.82,10.13,0,0,0,0,0,0,0,0,0,0,0
,19937270,長谷川　雅代,60060601,安濃_ERP担当G6_T6_S1,22,0,0.5,0,0,0,0,0,0,0,0.13,0,0,0,0,0,0,0,0,0
承認済み,18434775,津村　正己,60060601,安濃_ERP担当G6_T6_S1,22,22,0,0,0,0,0,0,0,0,0,0,0,0,0,0,0,0,0,0
